{
"Karlsruhe Durlacher Tor / KIT-Campus Süd":"Karlsruhe Durlacher Tor/KIT-Campus Süd",
"Karlsruhe Mühlburger Tor (Kaiserallee)":"Karlsruhe Mühlburger Tor",
"Volkswohnung/Staatstheater, Karlsruhe":"Kongresszentrum, Karlsruhe",
"Kronenplatz (Kaiserstraße), Karlsruhe":"Kronenplatz (U), Karlsruhe",
"Kronenplatz (Fritz-Erler-Str.), Karlsruhe":"Kronenplatz, Karlsruhe",
"Leverkusen-Schlebusch":"Leverkusen-Manfort",
"Mühlburger Tor (Kaiserallee), Karlsruhe":"Mühlburger Tor, Karlsruhe",
"Maria Veen":"Reken-Maria Veen",
"Ringsheim":"Ringsheim/Europa-Park",
"Stockach NE":"Stockach",
"Sylbach":"Bad Salzuflen-Sylbach",
"Neubeckum":"Beckum-Neubeckum",
"Berlin Gehrenseestr.":"Berlin Gehrenseestraße",
"Berlin Betriebsbf Schöneweide":"Berlin-Johannisthal",
"Brackwede":"Bielefeld-Brackwede",
"Sennestadt":"Bielefeld-Sennestadt",
"Windelsbleiche":"Bielefeld-Windelsbleiche",
"Europapl./PostGalerie (Kaiserstr), Karlsruhe":"Europaplatz/Postgal. (Kaiser), Karlsruhe",
"Europapl./PostGalerie (Karlstr.), Karlsruhe":"Europaplatz/Postgalerie (Karlstr.), Karlsruhe",
"Europaplatz/Postgalerie (Karls, Karlsruhe":"Europaplatz/Postgalerie (Karlstr.), Karlsruhe",
"Halle(W) Gerry-Weber-Stadion":"Halle(Westf) OWL-Arena",
"Dingden":"Hamminkeln-Dingden",
"Galgenschanze":"Kaiserslautern Galgenschanze",
"Sarnau":"Lahntal-Sarnau",
"Lindau Hbf":"Lindau-Insel",
"Waggonfabrik":"Mainz Waggonfabrik",
"Mook Molenhoek":"Mook-Molenhoek",
"Nancy Ville":"Nancy",
"Neuenbürg(Enz) Eyachbrücke":"Neuenbürg(Enz)-Rotenbach Eyachbrücke",
"Neumarkt-Köstendorf":"Neumarkt/Wallersee",
"Sennelager":"Paderborn-Sennelager",
"Bösensell":"Senden-Bösensell",
"St. Margrethen":"St. Margrethen SG",
"Blumenkamp":"Wesel-Blumenkamp",
"Wilhelmshaven Hbf":"Wilhelmshaven",
"Pfeddersheim":"Worms-Pfeddersheim",
"Wusterhausen(Dosse) NE":"Wusterhausen(Dosse)",
"Berlin-Schönefeld Flughafen":"Flughafen BER - Terminal 5 (Schönefeld)",
"OberurselWeißkirchen/Steinbach":"Oberursel-Weißkirchen/Steinbach",
"Amersfoort":"Amersfoort Centraal",
"Bernburg":"Bernburg Hbf",
"Binsfeld":"Nörvenich-Binsfeld",
"Jakobwüllesheim":"Vettweiß-Jakobwüllesheim",
"Krumbach(Schw)Schule":"Krumbach(Schwab)Schule",
"Nordbögge":"Bönen-Nordbögge",
"Hamm(Westf)":"Hamm(Westf)Hbf",
"Cottbus":"Cottbus Hbf",
"Delft Zuid":"Delft Campus",
"Barchel, Oerel":"Barchel",
"Biedenkopf-Schulzentrum":"Biedenkopf Campus",
"Bruchsal Tunnelstr":"Bruchsal Tunnelstraße",
"Einbeck Salzderhelden":"Einbeck-Salzderhelden",
"Eindhoven":"Eindhoven Centraal",
"Escherndorf-Vogelburg":"Escherndorf-Vogelsburg",
"Essel, Kutenholz":"Essel",
"Europapl./Postgalerie (Karl), Karlsruhe":"Europaplatz/Postgalerie (Karls, Karlsruhe",
"Furth i Wald":"Furth im Wald",
"Germersheim Bahnhof":"Germersheim",
"Glossen (b Oschatz)":"Glossen(b Oschatz)",
"Gondelsheim Schloßstadion":"Gondelsheim Schlossstadion",
"Hagen, Stade":"Hagen(Kr. Stade)",
"Holzgerlingen Nord":"Holzgerlingen Hülben",
"Karlsruhe Albtalbf":"Karlsruhe Albtalbahnhof",
"Karlsruhe Durlacher Tor":"Karlsruhe Durlacher Tor / KIT-Campus Süd",
"Karlsruhe Mühlburger Tor":"Karlsruhe Mühlburger Tor (Kaiserallee)",
"Korbach":"Korbach Hbf",
"Merseburg":"Merseburg Hbf",
"Münster(b Dieburg)":"Münster(Hessen)",
"Neu Isenburg":"Neu-Isenburg",
"Niebüll, Sylt Shuttle":"Niebüll Autoverladung",
"Olen":"Olen(Belgien)",
"Rahden(Kr Lübbecke)":"Rahden",
"Riegel-Malterd.NE":"Riegel-Malterdingen NE",
"Siegen":"Siegen Hbf",
"Stendal":"Stendal Hbf",
"Teisnach Rohde&Schwarz":"Teisnach Rohde+Schwarz",
"Thalheim (b Oschatz)":"Thalheim(b Oschatz)",
"Timmendorferstrand":"Timmendorfer Strand",
"Waldkraiburg":"Waldkraiburg-Kraiburg",
"Weinheim(Bergstr)":"Weinheim(Bergstr)Hbf",
"Werningerode":"Weringerode Hbf",
"Westerland(Sylt), Sylt Shuttle":"Westerland (Sylt) Autoverladung",
"Stryck":"Willingen-Stryck",
"Rudersdorf(Siegen)":"Wilnsdorf-Rudersdorf",
"Holzhausen-Heddinghausen":"Bad Holzhausen",
"Hummelberg":"Berghausen Hummelberg",
"Wehrden":"Beverungen-Wehrden",
"Bockum-Hövel":"Hamm-Bockum-Hövel",
"Brügge(Westf)":"Lüdenscheid-Brügge",
"Dieringhausen":"Gummersbach-Dieringhausen",
"Eisenbach-Matzenbach":"Matzenbach",
"Godelheim":"Höxter-Godelheim",
"Heessen":"Hamm-Heessen",
"Lüchtringen":"Höxter-Lüchtringen",
"Ottbergen":"Höxter-Ottbergen",
"Preußen":"Lünen-Preußen",
"Rudersdorf(Siegen)":"Wilnsdorf-Rudersdorf",
"St Augustin Markt":"Sankt Augustin Zentrum",
"Untersulzbach":"Sulzbachtal",
"Freiburg West":"Freiburg-Landwasser"
}
